test code,From Date,App Name,Version ,App Link,Month,Year,Package Name,Prefix ,App Code,Prefix ,id,Start Date
01ea,5,Test,2.6,https://play.google.com/store/apps/details?id=com.maheshgnayak.reelorganizer,June,2026,com.maheshgnayak.reelorganizer,WAT,01EA,2026,WAT-01EA-2026,05 June 2026
,,,,,,,,WAT,,2026,,
,,,,,,,,WAT,,2026,,
,,,,,,,,WAT,,2026,,
,,,,,,,,WAT,,2026,,
,,,,,,,,WAT,,2026,,
,,,,,,,,WAT,,2026,,
,,,,,,,,WAT,,2026,,
,,,,,,,,WAT,,2026,,
,,,,,,,,WAT,,2026,,
,,,,,,,,WAT,,2026,,
,,,,,,,,WAT,,2026,,
,,,,,,,,WAT,,2026,,
,,,,,,,,WAT,,2026,,
,,,,,,,,WAT,,2026,,
,,,,,,,,WAT,,2026,,
,,,,,,,,WAT,,2026,,
,,,,,,,,WAT,,2026,,
,,,,,,,,WAT,,2026,,
,,,,,,,,WAT,,2026,,
,,,,,,,,WAT,,2026,,
,,,,,,,,WAT,,2026,,
,,,,,,,,WAT,,2026,,
,,,,,,,,WAT,,2026,,
,,,,,,,,WAT,,2026,,
,,,,,,,,WAT,,2026,,
,,,,,,,,WAT,,2026,,
,,,,,,,,WAT,,2026,,
,,,,,,,,WAT,,2026,,
,,,,,,,,WAT,,2026,,
,,,,,,,,WAT,,2026,,
,,,,,,,,WAT,,2026,,